{"metadata":{"asset_id":"f8f05505-f2b2-4c89-b5b3-aefaac72d02c","asset_attributes":["data_asset","directory_asset"],"name":"Kidney Stone Detection.csv","asset_type":"data_asset","created_at":"2024-06-26T13:28:03Z","origin_country":"us","owner_id":"IBMid-692000FZIL","project_id":"786b6989-9431-4e2a-8aa9-cd31fc9c04ef","size":3610,"usage":{"last_update_time":1719408483199,"last_updated_at":"2024-06-26T13:28:03Z"}},"entity":{"data_asset":{"mime_type":"text/csv","dataset":false},"directory_asset":{"path":""}},"attachments":[{"id":"38ec497b-5444-4818-ad37-4a223a739192","version":2,"asset_type":"data_asset","name":"Kidney Stone Detection.csv","mime":"text/csv","datasource_type":"193a97c1-4475-4a19-b90c-295c4fdc6517","object_key":"Kidney Stone Detection.csv","creator_id":"IBMid-692000FZIL","create_time":1719408490429,"size":3610,"is_remote":false,"is_managed":false,"is_referenced":true,"is_object_key_read_only":true,"is_user_provided_path_key":true,"transfer_complete":true,"is_partitioned":false,"complete_time_ticks":1719408490429,"user_data":{},"test_doc":0,"handle":{"bucket":"kidneystonedetection-donotdelete-pr-nv4eem0nif79wi","location":"us-south","type":"bluemix_cos","key":"Kidney Stone Detection.csv","upload_id":"done","max_part_num":1},"usage":{"access_count":0,"last_accessor_id":"IBMid-692000FZIL","last_access_time":1719408490429}}]}
