{"metadata":{"asset_id":"28e9bbb7-96ed-429a-8ac0-d6e3cd81c925","asset_attributes":["environment"],"name":"autoai-runtime-23.1-py3.10-M","asset_type":"environment","created_at":"2024-06-26T13:45:35Z","origin_country":"us","owner_id":"IBMid-692000FZIL","project_id":"786b6989-9431-4e2a-8aa9-cd31fc9c04ef","sandbox_id":"786b6989-9431-4e2a-8aa9-cd31fc9c04ef","size":0,"tags":["dsx"],"usage":{"last_update_time":1719409535060,"last_updated_at":"2024-06-26T13:45:35Z"}},"entity":{"environment":{"sub_type":"notebook","display_name":"Runtime 23.1 on Python 3.10 AutoAI-M","hardware_specification":{"type":"referenced","guid":"c076e82c-b2a7-4d20-9c0f-1f0c2fdf5a24"},"software_specification":{"type":"referenced","guid":"336b29df-e0e1-5e7d-b6a5-f6ab722625b2"},"tools_specification":{"supported_kernels":[{"name":"python3","display_name":"Python 3.10","language":"python","version":"3.10"}],"notebook_extensions":[]}}}}
