{"metadata":{"asset_id":"3fe3da86-04b5-4504-9cba-cedf39658c6e","asset_attributes":["notebook"],"name":"Kidney Stone Detection - P4 Extra Trees Classifier - Notebook","asset_type":"notebook","created_at":"2024-06-26T13:45:35Z","description":"","origin_country":"us","owner_id":"IBMid-692000FZIL","project_id":"786b6989-9431-4e2a-8aa9-cd31fc9c04ef","size":25402,"tags":[],"usage":{"last_update_time":1719409538552,"last_updated_at":"2024-06-26T13:45:38Z"}},"entity":{"notebook":{"kernel":{"display_name":"Python 3.10","name":"python3","language":"python"},"originates_from":{"type":"blank"},"runtime":{"environment":"28e9bbb7-96ed-429a-8ac0-d6e3cd81c925"}},"location_definition":{"physical_location_code":"DAL","physical_location_code_assigned_by":"IBMid-692000FZIL","physical_location_code_rds_id":"c57cb90f-2126-3800-9c9f-9eab82021cdf","physical_location_code_rds_version":"00002024-0626-4132-8822-247650000000_4","physical_location_code_assignment_method":"INFERRED","physical_location_code_added_on":"1719409538548"}},"attachments":[{"id":"32b62962-ad42-45de-9e69-df832d0b1495","version":2,"asset_type":"notebook","name":"Kidney Stone Detection - P4 Extra Trees Classifier - Notebook","description":"Kidney Stone Detection - P4 Extra Trees Classifier - Notebook attachment for notebook asset 3fe3da86-04b5-4504-9cba-cedf39658c6e","mime":"application/json","datasource_type":"193a97c1-4475-4a19-b90c-295c4fdc6517","object_key":"notebook/notebook_3fe3da86-04b5-4504-9cba-cedf39658c6e.ipynb","creator_id":"IBMid-692000FZIL","create_time":1719409538551,"size":25402,"is_remote":false,"is_managed":false,"is_referenced":true,"is_object_key_read_only":false,"is_user_provided_path_key":true,"transfer_complete":true,"is_partitioned":false,"complete_time_ticks":1719409538551,"user_data":{},"test_doc":0,"handle":{"bucket":"kidneystonedetection-donotdelete-pr-nv4eem0nif79wi","location":"us-south","type":"bluemix_cos","key":"notebook/notebook_3fe3da86-04b5-4504-9cba-cedf39658c6e.ipynb","upload_id":"done","max_part_num":1},"usage":{"access_count":0,"last_accessor_id":"IBMid-692000FZIL","last_access_time":1719409538551}}]}
