{"metadata":{"asset_id":"f63d777d-d5c1-4460-a9f7-2f9b6992e1f1","asset_attributes":["wml_model"],"name":"Kidney Stone Detection - P4 Extra Trees Classifier - Model","asset_type":"wml_model","created_at":"2024-06-26T13:48:19Z","origin_country":"us","owner_id":"IBMid-692000FZIL","project_id":"786b6989-9431-4e2a-8aa9-cd31fc9c04ef","sandbox_id":"786b6989-9431-4e2a-8aa9-cd31fc9c04ef","size":97739,"tags":[],"usage":{"last_update_time":1719409702740,"last_updated_at":"2024-06-26T13:48:22Z"}},"entity":{"wml_model":{"data_asset_dependencies":["f8f05505-f2b2-4c89-b5b3-aefaac72d02c"],"hybrid_pipeline_software_specs":[{"base_id":"b4246d87-d8b3-5621-9fea-76a8ea452616","name":"autoai-kb_rt23.1-py3.10"}],"data_preprocessing":[{"input":{"columns":7,"rows":102},"output":{"columns":7,"rows":102},"props":{"type":"stratified"},"stage":"sampling"},{"input":{"columns":7,"rows":102},"output":{"columns":7,"rows":102},"props":{"duplicated_rows_count":0},"stage":"cleansing"}],"label_column":"target","pipeline":{"id":"59c2d26c-8062-4a2b-b314-aef00b73ab88"},"training_id":"31dceb21-616c-40e8-837d-3574490917f2","metrics":[{"context":{"binary_classification":{"confusion_matrix":[{"fn":3,"fp":0,"tn":6,"tp":2,"true_class":"0.0"},{"fn":0,"fp":3,"tn":2,"tp":6,"true_class":"1.0"}],"roc_curve":[{"fpr":[0,0,0,0.16666666666666666,0.5,0.8333333333333334,1],"thresholds":[1.899999976158142,0.8999999761581421,0.1899999976158142,0.1599999964237213,0.05999999865889549,0.019999999552965164,0],"tpr":[0,0.2,0.6,1,1,1,1],"true_class":"0.0"},{"fpr":[0,0,0,0,0.4,1],"thresholds":[2,1,0.9800000190734863,0.8500000238418579,0.8399999737739563,0.10000000149011612],"tpr":[0,0.16666666666666666,0.5,0.8333333333333334,1,1],"true_class":"1.0"}]},"classes":[0,1],"features_importance":[{"computation_type":"","features":{"gravity":0.0966,"calcium":0.1186,"NewFeature_4_sum(osmolality__urea)":0.0553,"NewFeature_5_sum(osmolality__calcium)":0.0505,"NewFeature_6_sum(conductivity__calcium)":0.0631,"NewFeature_7_sum(urea__calcium)":0.0545,"NewFeature_0_sum(gravity__osmolality)":0.0557,"osmolality":0.0511,"NewFeature_3_sum(ph__calcium)":0.1192,"urea":0.0523,"conductivity":0.0517,"NewFeature_2_sum(ph__osmolality)":0.0596,"ph":0.0463,"NewFeature_1_sum(gravity__calcium)":0.1255},"min_max_normalization":false,"stage":"Mean"}],"intermediate_model":{"composition_steps":["Split_TrainingHoldout","TrainingDataset_full_91_6","Datetime_FE","TrainingDataset_full_91_6","Preprocessor_default","DAUB","hpo_d","cognito","hpo_c"],"duration":55551,"location":{"model":"auto_ml/1cae7a7d-fdf9-4e48-838d-9ffad7b43e07/wml_data/31dceb21-616c-40e8-837d-3574490917f2/data/automl/hpo_c_output/Pipeline1/model.pickle","pipeline":"auto_ml/1cae7a7d-fdf9-4e48-838d-9ffad7b43e07/wml_data/31dceb21-616c-40e8-837d-3574490917f2/data/automl/hpo_c_output/Pipeline1/pipeline.json","pipeline_model":"auto_ml/1cae7a7d-fdf9-4e48-838d-9ffad7b43e07/wml_data/31dceb21-616c-40e8-837d-3574490917f2/data/automl/hpo_c_output/Pipeline1/pipeline-model.json"},"name":"P4","notebook_location":"auto_ml/1cae7a7d-fdf9-4e48-838d-9ffad7b43e07/wml_data/31dceb21-616c-40e8-837d-3574490917f2/data/automl/hpo_c_output/Pipeline1/notebook.ipynb","pipeline_nodes":["PreprocessingTransformer","autoai_libs.cognito.transforms.transform_utils.TA2","autoai_libs.cognito.transforms.transform_utils.FS1","ExtraTreesClassifier"],"process":"hpo_c_output","schema_location":"auto_ml/1cae7a7d-fdf9-4e48-838d-9ffad7b43e07/wml_data/31dceb21-616c-40e8-837d-3574490917f2/data/automl/hpo_c_output/Pipeline1/schema.json"},"phase":"hpo_c_output","prediction_type":"classification","target_column":"target"},"ml_metrics":{"training_roc_auc":0.9398297780650723,"holdout_average_precision":0.9583333333333334,"holdout_neg_log_loss":-0.5517144294268741,"training_accuracy":0.9344086021505377,"holdout_roc_auc":0.9666666666666667,"training_balanced_accuracy":0.9351432880844645,"training_f1":0.9391705069124424,"holdout_precision":0.6666666666666666,"training_average_precision":0.9659829873651812,"training_neg_log_loss":-0.3625022832888867,"holdout_recall":1,"training_precision":0.9629629629629629,"holdout_accuracy":0.7272727272727273,"holdout_balanced_accuracy":0.7,"training_recall":0.9215686274509803,"holdout_f1":0.8},"timestamp":"2024-06-26T13:40:57.000Z"}],"ml_version":"4.0.19","type":"wml-hybrid_0.1","schemas":{"input":[{"fields":[{"name":"gravity","type":"double"},{"name":"ph","type":"double"},{"name":"osmolality","type":"double"},{"name":"conductivity","type":"double"},{"name":"urea","type":"double"},{"name":"calcium","type":"double"}],"id":"auto_ai_kb_input_schema"}],"output":[]},"content_location":{"connection":{},"contents":[{"content_format":"pipeline-node","file_name":"P4_automl.zip","location":"auto_ml/1cae7a7d-fdf9-4e48-838d-9ffad7b43e07/wml_data/31dceb21-616c-40e8-837d-3574490917f2/assets/31dceb21-616c-40e8-837d-3574490917f2_P4_hpo_c_output/resources/wml_model/P4_automl.zip","pipeline_node_id":"automl"},{"content_format":"native","file_name":"pipeline_model.json","location":"auto_ml/1cae7a7d-fdf9-4e48-838d-9ffad7b43e07/wml_data/31dceb21-616c-40e8-837d-3574490917f2/assets/31dceb21-616c-40e8-837d-3574490917f2_P4_hpo_c_output/resources/wml_model/pipeline_model.json"}],"location":{"path":"auto_ml/1cae7a7d-fdf9-4e48-838d-9ffad7b43e07/wml_data","notebooks_path":"auto_ml/1cae7a7d-fdf9-4e48-838d-9ffad7b43e07/wml_data/31dceb21-616c-40e8-837d-3574490917f2/notebooks","training":"auto_ml/1cae7a7d-fdf9-4e48-838d-9ffad7b43e07/wml_data/31dceb21-616c-40e8-837d-3574490917f2","training_status":"auto_ml/1cae7a7d-fdf9-4e48-838d-9ffad7b43e07/wml_data/31dceb21-616c-40e8-837d-3574490917f2/training-status.json","training_log":"auto_ml/1cae7a7d-fdf9-4e48-838d-9ffad7b43e07/wml_data/31dceb21-616c-40e8-837d-3574490917f2/data/automl/training.log","assets_path":"auto_ml/1cae7a7d-fdf9-4e48-838d-9ffad7b43e07/wml_data/31dceb21-616c-40e8-837d-3574490917f2/assets"},"type":"container"},"training_data_references":[{"connection":{},"id":"Kidney Stone Detection.csv","location":{"href":"/v2/assets/f8f05505-f2b2-4c89-b5b3-aefaac72d02c?project_id=786b6989-9431-4e2a-8aa9-cd31fc9c04ef","id":"f8f05505-f2b2-4c89-b5b3-aefaac72d02c","project_id":"786b6989-9431-4e2a-8aa9-cd31fc9c04ef","userfs":"false"},"schema":{"fields":[{"name":"gravity","type":"double"},{"name":"ph","type":"double"},{"name":"osmolality","type":"double"},{"name":"conductivity","type":"double"},{"name":"urea","type":"double"},{"name":"calcium","type":"double"},{"name":"target","type":"double"}],"id":"auto_ai_kb_input_schema"},"type":"data_asset"}],"software_spec":{"base_id":"8c1a58c6-62b5-4dc4-987a-df751c2756b6","name":"hybrid_0.1"},"content_import_state":"completed","test_data_references":[]},"location_definition":{"physical_location_code_assignment_method":"INFERRED","physical_location_code":"DAL","physical_location_code_assigned_by":"IBMid-692000FZIL","physical_location_code_added_on":"1719409699995","physical_location_code_rds_version":"00002024-0626-4132-8822-247650000000_4","physical_location_code_rds_id":"c57cb90f-2126-3800-9c9f-9eab82021cdf"}},"attachments":[{"id":"2e461eaf-5e98-4617-a7a2-8c9857a676e5","version":2,"asset_type":"wml_model","name":"P4_automl.zip","datasource_type":"193a97c1-4475-4a19-b90c-295c4fdc6517","creator_id":"IBMid-692000FZIL","create_time":1719409699998,"size":95837,"is_remote":false,"is_managed":true,"is_referenced":false,"is_object_key_read_only":false,"is_user_provided_path_key":false,"transfer_complete":true,"is_partitioned":false,"complete_time_ticks":1719409702193,"user_data":{"content_format":"pipeline-node","pipeline_node_id":"automl"},"test_doc":0,"handle":{"bucket":"kidneystonedetection-donotdelete-pr-nv4eem0nif79wi","location":"us-south","type":"bluemix_cos","key":"2fc80d87-cf2f-46cc-89c7-52103a2f5541/f63d777d-d5c1-4460-a9f7-2f9b6992e1f1/2e461eaf-5e98-4617-a7a2-8c9857a676e5","upload_id":"done","max_part_num":1},"usage":{"access_count":1,"last_accessor_id":"IBMid-692000FZIL","last_access_time":1719409702193,"last_updater_id":"IBMid-692000FZIL","last_update_time":1719409702193}},{"id":"5177e018-7580-4cb4-a10e-0595262abe73","version":2,"asset_type":"wml_model","name":"pipeline_model.json","datasource_type":"193a97c1-4475-4a19-b90c-295c4fdc6517","creator_id":"IBMid-692000FZIL","create_time":1719409700209,"size":1902,"is_remote":false,"is_managed":true,"is_referenced":false,"is_object_key_read_only":false,"is_user_provided_path_key":false,"transfer_complete":true,"is_partitioned":false,"complete_time_ticks":1719409702740,"user_data":{"content_format":"native"},"test_doc":0,"handle":{"bucket":"kidneystonedetection-donotdelete-pr-nv4eem0nif79wi","location":"us-south","type":"bluemix_cos","key":"2fc80d87-cf2f-46cc-89c7-52103a2f5541/f63d777d-d5c1-4460-a9f7-2f9b6992e1f1/5177e018-7580-4cb4-a10e-0595262abe73","upload_id":"done","max_part_num":1},"usage":{"access_count":1,"last_accessor_id":"IBMid-692000FZIL","last_access_time":1719409702740,"last_updater_id":"IBMid-692000FZIL","last_update_time":1719409702740}}]}
